{
  "name": "root",
  "gauges": [
    {
      "name": "WalkingHuman.mean_reward",
      "value": 28888.482166214424,
      "min": -4200539.598694801,
      "max": 29670.981699705124,
      "count": 533
    }
  ],
  "total": 43371.8388359,
  "count": 1,
  "self": 190.39896640268853,
  "children": [
    {
      "name": "TrainerController.advance",
      "total": 43181.43986949731,
      "count": 639501,
      "self": 13.276838697122002,
      "children": [
        {
          "name": "env_step",
          "total": 23768.45472799961,
          "count": 639501,
          "self": 19932.29615160013,
          "children": [
            {
              "name": "SubprocessEnvManager._take_step",
              "total": 3824.198765299241,
              "count": 639501,
              "self": 74.6414882991312,
              "children": [
                {
                  "name": "PPOPolicy.evaluate",
                  "total": 3749.55727700011,
                  "count": 639501,
                  "self": 3749.55727700011
                }
              ]
            },
            {
              "name": "workers",
              "total": 11.959811100241481,
              "count": 639500,
              "self": 0.0,
              "children": [
                {
                  "name": "worker_root",
                  "total": 43347.45255970082,
                  "count": 639500,
                  "is_parallel": true,
                  "self": 24985.888813700338,
                  "children": [
                    {
                      "name": "batched_step_result_from_proto",
                      "total": 0.014824400000000182,
                      "count": 1,
                      "is_parallel": true,
                      "self": 0.00012100000000003774,
                      "children": [
                        {
                          "name": "_process_vector_observation",
                          "total": 0.014703400000000144,
                          "count": 1,
                          "is_parallel": true,
                          "self": 0.014703400000000144
                        }
                      ]
                    },
                    {
                      "name": "UnityEnvironment.step",
                      "total": 18361.54892160048,
                      "count": 639500,
                      "is_parallel": true,
                      "self": 421.878836897391,
                      "children": [
                        {
                          "name": "UnityEnvironment._generate_step_input",
                          "total": 359.07030100047945,
                          "count": 639500,
                          "is_parallel": true,
                          "self": 359.07030100047945
                        },
                        {
                          "name": "communicator.exchange",
                          "total": 15105.411028302176,
                          "count": 639500,
                          "is_parallel": true,
                          "self": 15105.411028302176
                        },
                        {
                          "name": "batched_step_result_from_proto",
                          "total": 2475.1887554004306,
                          "count": 639500,
                          "is_parallel": true,
                          "self": 69.80481739988045,
                          "children": [
                            {
                              "name": "_process_vector_observation",
                              "total": 2405.38393800055,
                              "count": 639500,
                              "is_parallel": true,
                              "self": 2405.38393800055
                            }
                          ]
                        }
                      ]
                    }
                  ]
                }
              ]
            }
          ]
        },
        {
          "name": "trainer_advance",
          "total": 19399.70830280058,
          "count": 639500,
          "self": 46.85790570193785,
          "children": [
            {
              "name": "process_trajectory",
              "total": 2141.1044057986746,
              "count": 639500,
              "self": 2141.1044057986746
            },
            {
              "name": "_update_policy",
              "total": 17211.745991299966,
              "count": 655,
              "self": 154.09505759963577,
              "children": [
                {
                  "name": "PPOPolicy.update",
                  "total": 17057.65093370033,
                  "count": 27966,
                  "self": 17057.65093370033
                }
              ]
            }
          ]
        }
      ]
    }
  ]
}