{
  "name": "root",
  "gauges": [
    {
      "name": "WalkingHuman.mean_reward",
      "value": 569.90408917889,
      "min": -2205.6097568152472,
      "max": 569.90408917889,
      "count": 65
    }
  ],
  "total": 10043.03847209501,
  "count": 1,
  "self": 196.64020944817457,
  "children": [
    {
      "name": "TrainerController.advance",
      "total": 9846.398262646835,
      "count": 287997,
      "self": 9.303088888846105,
      "children": [
        {
          "name": "env_step",
          "total": 9647.449977515324,
          "count": 287997,
          "self": 7976.294295009546,
          "children": [
            {
              "name": "SubprocessEnvManager._take_step",
              "total": 1663.2797771442274,
              "count": 287997,
              "self": 20.886870645015733,
              "children": [
                {
                  "name": "PPOPolicy.evaluate",
                  "total": 1642.3929064992117,
                  "count": 287997,
                  "self": 1642.3929064992117
                }
              ]
            },
            {
              "name": "workers",
              "total": 7.8759053615503944,
              "count": 287996,
              "self": 0.0,
              "children": [
                {
                  "name": "worker_root",
                  "total": 10030.091069631686,
                  "count": 287996,
                  "is_parallel": true,
                  "self": 2745.1662804026564,
                  "children": [
                    {
                      "name": "batched_step_result_from_proto",
                      "total": 0.0006459139985963702,
                      "count": 1,
                      "is_parallel": true,
                      "self": 0.00017605099128559232,
                      "children": [
                        {
                          "name": "_process_vector_observation",
                          "total": 0.0004698630073107779,
                          "count": 1,
                          "is_parallel": true,
                          "self": 0.0004698630073107779
                        }
                      ]
                    },
                    {
                      "name": "UnityEnvironment.step",
                      "total": 7284.924143315031,
                      "count": 287996,
                      "is_parallel": true,
                      "self": 43.59879593399819,
                      "children": [
                        {
                          "name": "UnityEnvironment._generate_step_input",
                          "total": 34.091309167211875,
                          "count": 287996,
                          "is_parallel": true,
                          "self": 34.091309167211875
                        },
                        {
                          "name": "communicator.exchange",
                          "total": 7102.180873398494,
                          "count": 287996,
                          "is_parallel": true,
                          "self": 7102.180873398494
                        },
                        {
                          "name": "batched_step_result_from_proto",
                          "total": 105.05316481532645,
                          "count": 287996,
                          "is_parallel": true,
                          "self": 22.691723005700624,
                          "children": [
                            {
                              "name": "_process_vector_observation",
                              "total": 82.36144180962583,
                              "count": 287996,
                              "is_parallel": true,
                              "self": 82.36144180962583
                            }
                          ]
                        }
                      ]
                    }
                  ]
                }
              ]
            }
          ]
        },
        {
          "name": "trainer_advance",
          "total": 189.6451962426654,
          "count": 287996,
          "self": 16.62065640487708,
          "children": [
            {
              "name": "process_trajectory",
              "total": 39.560931224841624,
              "count": 287996,
              "self": 39.560931224841624
            },
            {
              "name": "_update_policy",
              "total": 133.4636086129467,
              "count": 26,
              "self": 5.117048365907976,
              "children": [
                {
                  "name": "PPOPolicy.update",
                  "total": 128.34656024703872,
                  "count": 819,
                  "self": 128.34656024703872
                }
              ]
            }
          ]
        }
      ]
    }
  ]
}