Steps,Policy/Entropy,Policy/Learning Rate,Policy/Extrinsic Value Estimate,Environment/Cumulative Reward,Environment/Episode Length,Policy/Extrinsic Reward
2000,1.4189386,0.00029948415,-0.18062748,-327.03908998391125,1629.0,-327.0390930175781
4000,1.4189383,0.0002981214,0.33290303,None,None,None
6000,1.4189385,0.00029705744,0.07874668,-412.61251842881984,3372.0,-412.6125235557556
8000,1.4189386,0.0002958421,0.10538104,-218.20449851795684,1348.5,-218.20450592041016
10000,1.4189383,0.0002944752,0.0015204297,None,None,None
12000,1.4187497,0.0002933922,-0.11711181,-459.007274836491,3435.0,-459.007266998291
