{
  "name": "root",
  "gauges": [
    {
      "name": "WalkingHuman.mean_reward",
      "value": 22561.97559551909,
      "min": -1851.6843898662232,
      "max": 992836.5433756019,
      "count": 235
    }
  ],
  "total": 21119.6288068,
  "count": 1,
  "self": 103.11958449951271,
  "children": [
    {
      "name": "TrainerController.advance",
      "total": 21016.509222300487,
      "count": 299739,
      "self": 6.440856700592121,
      "children": [
        {
          "name": "env_step",
          "total": 11555.22682099974,
          "count": 299739,
          "self": 9644.447446899489,
          "children": [
            {
              "name": "SubprocessEnvManager._take_step",
              "total": 1905.1459874004377,
              "count": 299739,
              "self": 35.238400500536954,
              "children": [
                {
                  "name": "PPOPolicy.evaluate",
                  "total": 1869.9075868999007,
                  "count": 299739,
                  "self": 1869.9075868999007
                }
              ]
            },
            {
              "name": "workers",
              "total": 5.633386699814068,
              "count": 299738,
              "self": 0.0,
              "children": [
                {
                  "name": "worker_root",
                  "total": 21106.591380400492,
                  "count": 299738,
                  "is_parallel": true,
                  "self": 12220.227055600439,
                  "children": [
                    {
                      "name": "batched_step_result_from_proto",
                      "total": 0.009821699999999822,
                      "count": 1,
                      "is_parallel": true,
                      "self": 0.00014210000000147716,
                      "children": [
                        {
                          "name": "_process_vector_observation",
                          "total": 0.009679599999998345,
                          "count": 1,
                          "is_parallel": true,
                          "self": 0.009679599999998345
                        }
                      ]
                    },
                    {
                      "name": "UnityEnvironment.step",
                      "total": 8886.354503100054,
                      "count": 299738,
                      "is_parallel": true,
                      "self": 205.65622240001903,
                      "children": [
                        {
                          "name": "UnityEnvironment._generate_step_input",
                          "total": 180.05222420000274,
                          "count": 299738,
                          "is_parallel": true,
                          "self": 180.05222420000274
                        },
                        {
                          "name": "communicator.exchange",
                          "total": 7294.003815699814,
                          "count": 299738,
                          "is_parallel": true,
                          "self": 7294.003815699814
                        },
                        {
                          "name": "batched_step_result_from_proto",
                          "total": 1206.6422408002172,
                          "count": 299738,
                          "is_parallel": true,
                          "self": 34.126672899838695,
                          "children": [
                            {
                              "name": "_process_vector_observation",
                              "total": 1172.5155679003785,
                              "count": 299738,
                              "is_parallel": true,
                              "self": 1172.5155679003785
                            }
                          ]
                        }
                      ]
                    }
                  ]
                }
              ]
            }
          ]
        },
        {
          "name": "trainer_advance",
          "total": 9454.841544600156,
          "count": 299738,
          "self": 36.229802000561904,
          "children": [
            {
              "name": "process_trajectory",
              "total": 958.2249274995922,
              "count": 299738,
              "self": 958.2249274995922
            },
            {
              "name": "_update_policy",
              "total": 8460.386815100002,
              "count": 384,
              "self": 75.04811180008619,
              "children": [
                {
                  "name": "PPOPolicy.update",
                  "total": 8385.338703299916,
                  "count": 13293,
                  "self": 8385.338703299916
                }
              ]
            }
          ]
        }
      ]
    }
  ]
}