{
  "name": "root",
  "gauges": [
    {
      "name": "WalkingHuman.mean_reward",
      "value": 1.139578915300825,
      "min": 0.8637197298870195,
      "max": 1.139578915300825,
      "count": 6
    }
  ],
  "total": 7206.035891688021,
  "count": 1,
  "self": 65.61770644161152,
  "children": [
    {
      "name": "TrainerController.advance",
      "total": 7140.41818524641,
      "count": 64395,
      "self": 1.9917280048248358,
      "children": [
        {
          "name": "env_step",
          "total": 4004.008161880716,
          "count": 64395,
          "self": 3386.8818020847975,
          "children": [
            {
              "name": "SubprocessEnvManager._take_step",
              "total": 614.7709741517319,
              "count": 64395,
              "self": 4.977432755345944,
              "children": [
                {
                  "name": "PPOPolicy.evaluate",
                  "total": 609.793541396386,
                  "count": 64395,
                  "self": 609.793541396386
                }
              ]
            },
            {
              "name": "workers",
              "total": 2.355385644186754,
              "count": 64395,
              "self": 0.0,
              "children": [
                {
                  "name": "worker_root",
                  "total": 7199.395858270233,
                  "count": 64395,
                  "is_parallel": true,
                  "self": 4020.598978524911,
                  "children": [
                    {
                      "name": "batched_step_result_from_proto",
                      "total": 0.09540757804643363,
                      "count": 1,
                      "is_parallel": true,
                      "self": 0.0002146590850315988,
                      "children": [
                        {
                          "name": "_process_visual_observation",
                          "total": 0.0949399119708687,
                          "count": 2,
                          "is_parallel": true,
                          "self": 8.30009812489152e-05,
                          "children": [
                            {
                              "name": "observation_to_np_array",
                              "total": 0.09485691098961979,
                              "count": 2,
                              "is_parallel": true,
                              "self": 8.800096111372113e-05,
                              "children": [
                                {
                                  "name": "process_pixels",
                                  "total": 0.09476891002850607,
                                  "count": 2,
                                  "is_parallel": true,
                                  "self": 0.0012956260470673442,
                                  "children": [
                                    {
                                      "name": "image_decompress",
                                      "total": 0.09347328398143873,
                                      "count": 2,
                                      "is_parallel": true,
                                      "self": 0.09347328398143873
                                    }
                                  ]
                                }
                              ]
                            }
                          ]
                        },
                        {
                          "name": "_process_vector_observation",
                          "total": 0.0002530069905333221,
                          "count": 1,
                          "is_parallel": true,
                          "self": 0.0002530069905333221
                        }
                      ]
                    },
                    {
                      "name": "UnityEnvironment.step",
                      "total": 3178.701472167275,
                      "count": 64395,
                      "is_parallel": true,
                      "self": 10.481362388411071,
                      "children": [
                        {
                          "name": "UnityEnvironment._generate_step_input",
                          "total": 7.668513710552361,
                          "count": 64395,
                          "is_parallel": true,
                          "self": 7.668513710552361
                        },
                        {
                          "name": "communicator.exchange",
                          "total": 2955.130817532481,
                          "count": 64395,
                          "is_parallel": true,
                          "self": 2955.130817532481
                        },
                        {
                          "name": "batched_step_result_from_proto",
                          "total": 205.42077853583032,
                          "count": 64395,
                          "is_parallel": true,
                          "self": 8.35179477033671,
                          "children": [
                            {
                              "name": "_process_visual_observation",
                              "total": 180.53063444519648,
                              "count": 128790,
                              "is_parallel": true,
                              "self": 5.252368500630837,
                              "children": [
                                {
                                  "name": "observation_to_np_array",
                                  "total": 175.27826594456565,
                                  "count": 157656,
                                  "is_parallel": true,
                                  "self": 4.954068382096011,
                                  "children": [
                                    {
                                      "name": "process_pixels",
                                      "total": 170.32419756246964,
                                      "count": 157656,
                                      "is_parallel": true,
                                      "self": 57.36125047749374,
                                      "children": [
                                        {
                                          "name": "image_decompress",
                                          "total": 112.9629470849759,
                                          "count": 157656,
                                          "is_parallel": true,
                                          "self": 112.9629470849759
                                        }
                                      ]
                                    }
                                  ]
                                }
                              ]
                            },
                            {
                              "name": "_process_vector_observation",
                              "total": 16.53834932029713,
                              "count": 64395,
                              "is_parallel": true,
                              "self": 16.53834932029713
                            }
                          ]
                        }
                      ]
                    }
                  ]
                }
              ]
            }
          ]
        },
        {
          "name": "trainer_advance",
          "total": 3134.418295360869,
          "count": 64395,
          "self": 3.8692438165307976,
          "children": [
            {
              "name": "process_trajectory",
              "total": 263.1874110690551,
              "count": 64395,
              "self": 263.1874110690551
            },
            {
              "name": "_update_policy",
              "total": 2867.361640475283,
              "count": 44,
              "self": 14.767409332795069,
              "children": [
                {
                  "name": "PPOPolicy.update",
                  "total": 2852.594231142488,