{"count":1,"gauges":{},"self":1.5420889999999998,"total":2.018588,"children":{"AgentSendState":{"count":50,"self":0.0042309999999999995,"total":0.028658,"children":{"CollectObservations":{"count":17,"self":0.024359,"total":0.024359,"children":null},"CollectDiscreteActionMasks":{"count":17,"self":6.8E-05,"total":6.8E-05,"children":null}}},"DecideAction":{"count":50,"self":0.44208899999999995,"total":0.44208899999999995,"children":null},"AgentAct":{"count":50,"self":0.004539,"total":0.004539,"children":null}}}