{"count":1,"gauges":{"WalkingHuman.CumulativeReward":{"count":4695,"max":38472.65,"min":-5.663946E+07,"value":16028.0107,"weightedAverage":21090.6055}},"self":7862.0704768,"total":50907.424005299996,"children":{"AgentSendState":{"count":2001667,"self":87.1216896,"total":3472.7654061,"children":{"CollectObservations":{"count":20016690,"self":2689.2552192,"total":2689.4311717,"children":{"AgentInfo.ToProto":{"count":4695,"self":0.011990599999999999,"total":0.1759528,"children":{"GenerateSensorData":{"count":4695,"self":0.1639622,"total":0.1639622,"children":null}}}}},"AgentInfo.ToProto":{"count":20016690,"self":58.2244288,"total":696.2125467,"children":{"GenerateSensorData":{"count":20016690,"self":637.98809599999993,"total":637.988115,"children":null}}}}},"DecideAction":{"count":2001667,"self":37574.655999999995,"total":37574.6570181,"children":null},"AgentAct":{"count":2001667,"self":1997.930496,"total":1997.9304310999999,"children":null}}}